{"cameraMode":{"drawMode":0,"name":"Shaded","section":"Shading Mode"},"sceneLighting":true,"audioPlay":false,"sceneViewState":{"showFog":true,"showMaterialUpdate":false,"showSkybox":true,"showFlares":true,"showImageEffects":true,"showParticleSystems":true,"showVisualEffectGraphs":true,"m_FxEnabled":true},"in2DMode":false,"pivot":{"x":51.755130767822269,"y":20.71651268005371,"z":43.172096252441409},"rotation":{"x":-0.49968579411506655,"y":0.14012856781482697,"z":-0.08227542042732239,"w":-0.8508716821670532},"size":37.815513610839847,"orthographic":false}